<?xml version="1.0" encoding="UTF-8"?><despatch_advice:despatchAdviceMessage xmlns:despatch_advice="urn:gs1:ecom:despatch_advice:xsd:3" xmlns:sh="http://www.unece.org/cefact/namespaces/StandardBusinessDocumentHeader" xmlns:xsi="http://www.w3.org/2001/XMLSchema-instance" xsi:schemaLocation="urn:gs1:ecom:despatch_advice:xsd:3 ../Schemas/gs1/ecom/DespatchAdvice.xsd">
	<sh:StandardBusinessDocumentHeader>
		<sh:HeaderVersion>1.0</sh:HeaderVersion>
		<sh:Sender>
			<sh:Identifier Authority="GS1">4098765000010</sh:Identifier>
			<sh:ContactInformation>
				<sh:Contact>John Doe</sh:Contact>
				<sh:EmailAddress>John_Doe@purchasing.XYZretailer.com</sh:EmailAddress>
				<sh:FaxNumber>+1-212-555-1213</sh:FaxNumber>
				<sh:TelephoneNumber>+1-212-555-2122</sh:TelephoneNumber>
				<sh:ContactTypeIdentifier>Seller</sh:ContactTypeIdentifier>
			</sh:ContactInformation>
		</sh:Sender>
		<sh:Receiver>
			<sh:Identifier Authority="GS1">5412345000013</sh:Identifier>
			<sh:ContactInformation>
				<sh:Contact>Mary Smith</sh:Contact>
				<sh:EmailAddress>Mary_Smith@widgets.com</sh:EmailAddress>
				<sh:FaxNumber>+1-312-555-1214</sh:FaxNumber>
				<sh:TelephoneNumber>+1-312-555-2125</sh:TelephoneNumber>
				<sh:ContactTypeIdentifier>Buyer</sh:ContactTypeIdentifier>
			</sh:ContactInformation>
		</sh:Receiver>
		<sh:DocumentIdentification>
			<sh:Standard>GS1</sh:Standard>
			<sh:TypeVersion>3.2</sh:TypeVersion>
			<sh:InstanceIdentifier>DA349866</sh:InstanceIdentifier>
			<sh:Type>Despatch Advice</sh:Type>
			<sh:MultipleType>false</sh:MultipleType>
			<sh:CreationDateAndTime>2011-04-10T09:00:00.000-05:00</sh:CreationDateAndTime>
		</sh:DocumentIdentification>
	</sh:StandardBusinessDocumentHeader>
    <despatchAdvice>
        <creationDateTime>2011-04-10T09:00:00.000-05:00</creationDateTime>
        <documentStatusCode>ORIGINAL</documentStatusCode>
        <despatchAdviceIdentification>
            <entityIdentification>DA349866</entityIdentification>
            <contentOwner>
                <gln>4098765000010</gln>
            </contentOwner>
        </despatchAdviceIdentification>
        <receiver>
            <gln>5412345000013</gln>
        </receiver>
        <shipper>
            <gln>4098765000010</gln>
        </shipper>
        <shipTo>
            <gln>5420304050603</gln>
        </shipTo>
        <inventoryLocation>
            <gln>5412345000013</gln>
        </inventoryLocation>
        <despatchInformation>
            <actualShipDateTime>2011-04-10T09:15:00.000-05:00</actualShipDateTime>
        </despatchInformation>
        <despatchAdviceTransportInformation>
            <billOfLadingNumber>
                <entityIdentification>88021</entityIdentification>
                <creationDateTime>2011-04-10T09:15:00.000-05:00</creationDateTime>
            </billOfLadingNumber>
        </despatchAdviceTransportInformation>
        <purchaseOrder>
      		<entityIdentification>PO3352</entityIdentification>
            <contentOwner>
                <gln>5412345000013</gln>
            </contentOwner>
        </purchaseOrder>                
        <despatchAdviceLogisticUnit>
            <packageTypeCode>PE (pallet, modular)</packageTypeCode>
            <logisticUnitIdentification>
                <sscc>154123450987654329</sscc>
            </logisticUnitIdentification>
            <estimatedDeliveryDateTimeAtUltimateConsignee>2011-04-11T06:30:00.000-05:00</estimatedDeliveryDateTimeAtUltimateConsignee>
            <ultimateConsignee>
                <gln>5412345000174</gln>
            </ultimateConsignee>
            <despatchAdviceLineItem>
                <lineItemNumber>1</lineItemNumber>
                <despatchedQuantity>20</despatchedQuantity>
                <transactionalTradeItem>
                    <gtin>40987650000346</gtin>
                    <transactionalItemData>
                        <bestBeforeDate>2012-08-01</bestBeforeDate>
                        <lotNumber>ASD00012</lotNumber>
                    </transactionalItemData>
                </transactionalTradeItem>
                <requestedItemIdentification>
                    <gtin>40987650000346</gtin>
                </requestedItemIdentification>                
                <purchaseOrder>
		           <entityIdentification>PO3399</entityIdentification>
		            <creationDateTime>2011-03-11T11:00:00.000-05:00</creationDateTime>
                	<lineItemNumber>2</lineItemNumber>
                </purchaseOrder>                
            </despatchAdviceLineItem>
        </despatchAdviceLogisticUnit>
        <despatchAdviceLogisticUnit>
            <packageTypeCode>PE (pallet, modular)</packageTypeCode>
            <logisticUnitIdentification>
                <sscc>154123450987654329</sscc>
            </logisticUnitIdentification>
            <estimatedDeliveryDateTimeAtUltimateConsignee>2011-04-11T08:15:00.000-05:00</estimatedDeliveryDateTimeAtUltimateConsignee>
            <ultimateConsignee>
                <gln>5412345000228</gln>
            </ultimateConsignee>
            <despatchAdviceLineItem>
                <lineItemNumber>2</lineItemNumber>
                <despatchedQuantity>4</despatchedQuantity>
                <transactionalTradeItem>
                    <gtin>40987650000346</gtin>
                    <transactionalItemData>
                        <bestBeforeDate>2012-08-01</bestBeforeDate>
                        <lotNumber>ASD00012</lotNumber>
                    </transactionalItemData>
                </transactionalTradeItem>
                <requestedItemIdentification>
                    <gtin>40987650000346</gtin>
                </requestedItemIdentification>                
                <purchaseOrder>
		           <entityIdentification>PO3399</entityIdentification>
		            <creationDateTime>2011-03-11T11:00:00.000-05:00</creationDateTime>
                	<lineItemNumber>2</lineItemNumber>
                </purchaseOrder>                
            </despatchAdviceLineItem>
        </despatchAdviceLogisticUnit>
    </despatchAdvice>
</despatch_advice:despatchAdviceMessage>
