<?xml version="1.0" encoding="UTF-8"?><despatch_advice:despatchAdviceMessage xmlns:despatch_advice="urn:gs1:ecom:despatch_advice:xsd:3" xmlns:sh="http://www.unece.org/cefact/namespaces/StandardBusinessDocumentHeader" xmlns:xsi="http://www.w3.org/2001/XMLSchema-instance" xsi:schemaLocation="urn:gs1:ecom:despatch_advice:xsd:3 ../Schemas/gs1/ecom/DespatchAdvice.xsd">
	<sh:StandardBusinessDocumentHeader>
		<sh:HeaderVersion>1.0</sh:HeaderVersion>
		<sh:Sender>
			<sh:Identifier Authority="GS1">4098765000010</sh:Identifier>
			<sh:ContactInformation>
				<sh:Contact>John Doe</sh:Contact>
				<sh:EmailAddress>John_Doe@purchasing.XYZretailer.com</sh:EmailAddress>
				<sh:FaxNumber>+1-212-555-1213</sh:FaxNumber>
				<sh:TelephoneNumber>+1-212-555-2122</sh:TelephoneNumber>
				<sh:ContactTypeIdentifier>Seller</sh:ContactTypeIdentifier>
			</sh:ContactInformation>
		</sh:Sender>
		<sh:Receiver>
			<sh:Identifier Authority="GS1">5412345000013</sh:Identifier>
			<sh:ContactInformation>
				<sh:Contact>Mary Smith</sh:Contact>
				<sh:EmailAddress>Mary_Smith@widgets.com</sh:EmailAddress>
				<sh:FaxNumber>+1-312-555-1214</sh:FaxNumber>
				<sh:TelephoneNumber>+1-312-555-2125</sh:TelephoneNumber>
				<sh:ContactTypeIdentifier>Buyer</sh:ContactTypeIdentifier>
			</sh:ContactInformation>
		</sh:Receiver>
		<sh:DocumentIdentification>
			<sh:Standard>GS1</sh:Standard>
			<sh:TypeVersion>3.2</sh:TypeVersion>
			<sh:InstanceIdentifier>DA349875</sh:InstanceIdentifier>
			<sh:Type>Despatch Advice</sh:Type>
			<sh:MultipleType>false</sh:MultipleType>
			<sh:CreationDateAndTime>2011-04-10T10:00:00.000-05:00</sh:CreationDateAndTime>
		</sh:DocumentIdentification>
	</sh:StandardBusinessDocumentHeader>
    <despatchAdvice>
        <creationDateTime>2011-04-10T10:00:00.000-05:00</creationDateTime>
        <documentStatusCode>ORIGINAL</documentStatusCode>
        <despatchAdviceIdentification>
            <entityIdentification>DA349875</entityIdentification>
            <contentOwner>
                <gln>4098765000010</gln>
            </contentOwner>
        </despatchAdviceIdentification>
        <receiver>
            <gln>5412345000013</gln>
        </receiver>
        <shipper>
            <gln>4098765000010</gln>
        </shipper>
        <shipTo>
            <gln>5412345000037</gln>
        </shipTo>
        <despatchInformation>
            <actualShipDateTime>2011-04-10T10:15:00.000-05:00</actualShipDateTime>
        </despatchInformation>
        <purchaseOrder>
            <entityIdentification>PO3352</entityIdentification>
            <contentOwner>
                <gln>5412345000013</gln>
            </contentOwner>
            <creationDateTime>2011-03-11T11:00:00.000-05:00</creationDateTime>
        </purchaseOrder>
        <despatchAdviceLogisticUnit>
            <packageTypeCode>PE (pallet, modular)</packageTypeCode>
            <logisticUnitIdentification>
                <sscc>409876506700001010</sscc>
            </logisticUnitIdentification>
            <despatchAdviceLineItem>
                <lineItemNumber>1</lineItemNumber>
                <despatchedQuantity>48</despatchedQuantity>
                <countryOfOrigin>DE</countryOfOrigin>
                <transactionalTradeItem>
                    <gtin>08712345678906</gtin>
                </transactionalTradeItem>                
                <requestedItemIdentification>
                    <gtin>40987650000223</gtin>
                </requestedItemIdentification>
                <purchaseOrder>
		           <entityIdentification>PO3352</entityIdentification>
                	<lineItemNumber>1</lineItemNumber>
                </purchaseOrder>                
            </despatchAdviceLineItem>
        </despatchAdviceLogisticUnit>
        <despatchAdviceLogisticUnit>
            <packageTypeCode>PE (pallet, modular)</packageTypeCode>
            <logisticUnitIdentification>
                <sscc>409876506700099994</sscc>
            </logisticUnitIdentification>
            <despatchAdviceLineItem>
                <lineItemNumber>2</lineItemNumber>
                <despatchedQuantity>24</despatchedQuantity>
                <countryOfOrigin>DE</countryOfOrigin>
                <transactionalTradeItem>
                    <gtin>08712345678906</gtin>
                </transactionalTradeItem>                
                <requestedItemIdentification>
                    <gtin>40987650000346</gtin>
                </requestedItemIdentification>
                <purchaseOrder>
		           <entityIdentification>PO3352</entityIdentification>
                	<lineItemNumber>2</lineItemNumber>
                </purchaseOrder>                
            </despatchAdviceLineItem>
        </despatchAdviceLogisticUnit>
    </despatchAdvice>
</despatch_advice:despatchAdviceMessage>
