<?xml version="1.0" encoding="UTF-8"?><order_response:orderResponseMessage xmlns:order_response="urn:gs1:ecom:order_response:xsd:3" xmlns:sh="http://www.unece.org/cefact/namespaces/StandardBusinessDocumentHeader" xmlns:xsi="http://www.w3.org/2001/XMLSchema-instance" xsi:schemaLocation="urn:gs1:ecom:order_response:xsd:3 ../Schemas/gs1/ecom/OrderResponse.xsd">
	<sh:StandardBusinessDocumentHeader>
		<sh:HeaderVersion>1.0</sh:HeaderVersion>
		<sh:Sender>
			<sh:Identifier Authority="GS1">4098765000010</sh:Identifier>
			<sh:ContactInformation>
				<sh:Contact>John Doe</sh:Contact>
				<sh:EmailAddress>John_Doe@purchasing.XYZretailer.com</sh:EmailAddress>
				<sh:FaxNumber>+1-212-555-1213</sh:FaxNumber>
				<sh:TelephoneNumber>+1-212-555-2122</sh:TelephoneNumber>
				<sh:ContactTypeIdentifier>Seller</sh:ContactTypeIdentifier>
			</sh:ContactInformation>
		</sh:Sender>
		<sh:Receiver>
			<sh:Identifier Authority="GS1">5412345000013</sh:Identifier>
			<sh:ContactInformation>
				<sh:Contact>Mary Smith</sh:Contact>
				<sh:EmailAddress>Mary_Smith@widgets.com</sh:EmailAddress>
				<sh:FaxNumber>+1-312-555-1214</sh:FaxNumber>
				<sh:TelephoneNumber>+1-312-555-2125</sh:TelephoneNumber>
				<sh:ContactTypeIdentifier>Buyer</sh:ContactTypeIdentifier>
			</sh:ContactInformation>
		</sh:Receiver>
		<sh:DocumentIdentification>
			<sh:Standard>GS1</sh:Standard>
			<sh:TypeVersion>3.2</sh:TypeVersion>
			<sh:InstanceIdentifier>OR1211</sh:InstanceIdentifier>
			<sh:Type>Order Response</sh:Type>
			<sh:MultipleType>false</sh:MultipleType>
			<sh:CreationDateAndTime>2011-03-12T10:00:00.000-05:00</sh:CreationDateAndTime>
		</sh:DocumentIdentification>
	</sh:StandardBusinessDocumentHeader>
    <orderResponse>
        <creationDateTime>2011-03-12T10:00:00.000-05:00</creationDateTime>
        <documentStatusCode>ORIGINAL</documentStatusCode>
        <orderResponseIdentification>
            <entityIdentification>OR1211</entityIdentification>
            <contentOwner>
                <gln>4098765000010</gln>
            </contentOwner>
        </orderResponseIdentification>
        <responseStatusCode>MODIFIED</responseStatusCode>
        <buyer>
            <gln>5412345000013</gln>
        </buyer>
        <seller>
            <gln>4098765000010</gln>
        </seller>
        <originalOrder>
            <entityIdentification>PO3352</entityIdentification>
        </originalOrder>        
        <orderResponseLineItem>
            <lineItemNumber>1</lineItemNumber>
            <confirmedQuantity>48</confirmedQuantity>
            <lineItemChangeIndicator>ACCEPTED</lineItemChangeIndicator>
            <originalOrderLineItemNumber>1</originalOrderLineItemNumber>
            <transactionalTradeItem>
                <gtin>40987650000223</gtin>
            </transactionalTradeItem>
        </orderResponseLineItem>
        <orderResponseLineItem>
            <lineItemNumber>2</lineItemNumber>
            <confirmedQuantity>24</confirmedQuantity>
            <lineItemChangeIndicator>MODIFIED</lineItemChangeIndicator>
            <originalOrderLineItemNumber>2</originalOrderLineItemNumber>
            <orderResponseReasonCode>PRODUCT_OUT_OF_STOCK</orderResponseReasonCode>
            <transactionalTradeItem>
                <gtin>40987650000346</gtin>
            </transactionalTradeItem>
			<substituteItemInformation>
                <gtin>40987650003484</gtin>
            </substituteItemInformation>            
        </orderResponseLineItem>
    </orderResponse>
</order_response:orderResponseMessage>
